ROLLCALL_WEEK,WTD SALES,MTD SALES,YTD SALES,WTD QUOTA,MTD QUOTA,YTD QUOTA,WTD PERCENTAGE,MTD PERCENTAGE,YTD PERCENTAGE
201001,1636.5,1636.5,1636.5,2069.2,2069.2,2069.2,79.1%,79.1%,79.1%
201002,4017.5,5654,5654,3499.6,5599.4,5599.4,114.8%,101%,101%
201003,3991.1,9645.1,9645.1,3503.4,9108.8,9108.8,113.9%,105.9%,105.9%
201004,7253.2,16898.3,16898.3,4906.8,14019.6,14019.6,147.8%,120.5%,120.5%
201005,2124.3,2124.3,19022.6,2013.3,2013.3,16032.8,105.5%,105.5%,118.6%
201006,3251.1,5375.4,22273.7,3020,5033.3,19052.8,107.7%,106.8%,116.9%
201007,2485,7860.4,24758.7,4026.6,9059.8,23079.4,61.7%,86.8%,107.3%
201008,2853.2,10713.6,27611.9,5033.3,14093.1,28112.7,56.7%,76%,98.2%
201009,10270.2,20983.8,37882.1,6039.8,20133,34152.5,170%,104.2%,110.9%
201010,1673,1673,39555.1,3579,3579,37731.5,46.7%,46.7%,104.8%
201011,2447.2,4120.2,42002.3,5964.9,9543.9,43696.4,41%,43.2%,96.1%
201012,3900.5,8020.7,45902.8,5964.9,15508.9,49661.4,65.4%,51.7%,92.4%
201013,14300.4,22321.1,60203.2,8350.9,23859.7,58012.2,171.2%,93.6%,103.8%
201014,1938.3,1938.3,62141.5,4035.2,4035.2,62047.5,48%,48%,100.2%
201015,3753.6,5691.9,65895.1,6725.3,10760.6,68772.8,55.8%,52.9%,95.8%
201016,3947.9,9639.8,69843,6725.3,17485.9,75498.1,58.7%,55.1%,92.5%
201017,13078.9,22718.7,82921.9,9415.4,26901.3,84913.5,138.9%,84.5%,97.7%
201018,1927,1927,84848.9,3017.7,3017.7,87931.3,63.9%,63.9%,96.5%
201019,4486.3,6413.3,89335.2,4526.7,7544.4,92457.9,99.1%,85%,96.6%
201020,6101.1,12514.4,95436.3,6035.4,13579.8,98493.4,101.1%,92.2%,96.9%
201021,8549.8,21064.2,103986.1,7544.4,21124.2,106037.7,113.3%,99.7%,98.1%
201022,15280.1,36344.3,119266.2,9053.2,30177.4,115090.9,168.8%,120.4%,103.6%
201023,765.4,765.4,120031.6,2951,2951,118041.9,25.9%,25.9%,101.7%
201024,4788.7,5554.1,124820.3,4918.3,7869.3,122960.2,97.4%,70.6%,101.5%
201025,4851.1,10405.2,129671.4,4918.3,12787.5,127878.4,98.6%,81.4%,101.4%
201026,11692.9,22098.1,141364.3,6885.5,19673,134763.9,169.8%,112.3%,104.9%
201027,554.8,554.8,141919.1,2965.2,2965.2,137729.2,18.7%,18.7%,103%
201028,13788.1,14342.9,155707.2,4942,7907.3,142671.2,279%,181.4%,109.1%
201029,-3723.9,10619,151983.3,4942,12849.3,147613.2,-75.4%,82.6%,103%
201030,8535.9,19154.9,160519.2,6918.8,19768.1,154532,123.4%,96.9%,103.9%
201031,2828.3,2828.3,163347.5,2266.9,2266.9,156798.9,124.8%,124.8%,104.2%
201032,3056.6,5884.9,166404.1,3400.5,5667.4,160199.4,89.9%,103.8%,103.9%
201033,3256.1,9141,169660.2,4533.9,10201.3,164733.3,71.8%,89.6%,103%
201034,4878.5,14019.5,174538.7,5667.4,15868.8,170400.7,86.1%,88.3%,102.4%
201035,10215.1,24234.6,184753.8,6800.8,22669.6,177201.6,150.2%,106.9%,104.3%
201036,2642.1,2642.1,187395.9,3049.4,3049.4,180251,86.6%,86.6%,104%
201037,3895.7,6537.8,191291.6,5082.3,8131.7,185333.3,76.7%,80.4%,103.2%
201038,3610.8,10148.6,194902.4,5082.3,13214,190415.6,71%,76.8%,102.4%
201039,10047.6,20196.2,204950,7115.2,20329.2,197530.8,141.2%,99.3%,103.8%
201040,1156.8,1156.8,206106.8,3018.2,3018.2,200549,38.3%,38.3%,102.8%
201041,3826.9,4983.7,209933.7,5030.3,8048.5,205579.3,76.1%,61.9%,102.1%
201042,5024.6,10008.3,214958.3,5030.3,13078.8,210609.5,99.9%,76.5%,102.1%
201043,10567.8,20576.1,225526.1,7042.4,20121.1,217651.9,150.1%,102.3%,103.6%
201044,1509.1,1509.1,227035.2,2497.1,2497.1,220149,60.4%,60.4%,103.1%
201045,2974.3,4483.3,230009.4,3745.7,6242.8,223894.6,79.4%,71.8%,102.7%
201046,3338.7,7822.1,233348.2,4994.1,11236.9,228888.8,66.9%,69.6%,101.9%
201047,3870.7,11692.8,237218.9,6242.8,17479.6,235131.5,62%,66.9%,100.9%
201048,9771.6,21464.4,246990.5,7491.2,24970.8,242622.7,130.4%,86%,101.8%
201049,217.9,217.9,247208.4,4160.9,4160.9,246783.6,5.2%,5.2%,100.2%
201050,4579.8,4797.7,251788.2,6934.8,11095.7,253718.4,66%,43.2%,99.2%
201051,5140.7,9938.4,256928.9,6934.8,18030.5,260653.2,74.1%,55.1%,98.6%
201052,25056.9,34995.4,281985.8,9708.7,27739.1,270361.9,258.1%,126.2%,104.3%
201101,740.4,740.4,740.4,3701.3,3701.3,3701.3,20%,20%,20%
201102,1677.8,2418.2,2418.2,3781.7,7563.4,7563.4,44.4%,32%,32%
201103,2227.6,4645.8,4645.8,3890.6,11671.8,11671.8,57.3%,39.8%,39.8%
201104,8655.4,13301.3,13301.3,3944.6,15778.5,15778.5,219.4%,84.3%,84.3%
201105,999.6,999.6,14300.9,4414.1,4414.1,20192.6,22.6%,22.6%,70.8%
201106,2413.7,3413.4,16714.6,4414.1,8828.2,24606.6,54.7%,38.7%,67.9%
201107,1751.3,5164.7,18465.9,4414.1,13242.2,29020.7,39.7%,39%,63.6%
201108,2794.1,7958.8,21260,4417.8,17671.3,33463.6,63.2%,45%,63.5%
201109,10660,18618.8,31920,4417.8,22089.1,37881.4,241.3%,84.3%,84.3%
201110,1302,1302,33222.1,5969.1,5969.1,43850.4,21.8%,21.8%,75.8%
201111,2162.3,3464.3,35384.4,5969.1,11938.1,49819.5,36.2%,29%,71%
201112,4056.5,7520.8,39440.8,5969.1,17907.2,55788.6,68%,42%,70.7%
201113,15112.2,22633,54553.1,5977.1,23908.2,61841.6,252.8%,94.7%,88.2%
201114,1636,1636,56189.1,6773.8,6773.8,68615.4,24.2%,24.2%,81.9%
201115,3299.4,4935.4,59488.5,6773.8,13547.6,75389.2,48.7%,36.4%,78.9%
201116,3896.5,8831.9,63385,6773.8,20321.4,82163,57.5%,43.5%,77.1%
201117,12683.5,21515.4,76068.5,6773.8,27095.2,88936.8,187.2%,79.4%,85.5%
201118,1932.1,1932.1,78000.6,7090.7,7090.7,96027.6,27.2%,27.2%,81.2%
201119,4355.9,6288,82356.6,7090.7,14181.5,103118.3,61.4%,44.3%,79.9%
201120,5679.7,11967.8,88036.3,7090.7,21272.2,110209,80.1%,56.3%,79.9%
201121,11885.1,23852.8,99921.4,7090.7,28362.9,117299.7,167.6%,84.1%,85.2%
201122,14487.7,38340.5,114409.1,7090.7,35453.6,124390.5,204.3%,108.1%,92%
201123,172.9,172.9,114582,5905.2,5905.2,130295.6,2.9%,2.9%,87.9%
201124,4018.4,4191.3,118600.4,5905.2,11810.3,136200.8,68%,35.5%,87.1%
201125,6013.1,10204.4,124613.5,5905.2,17715.5,142106,101.8%,57.6%,87.7%
201126,12785.9,22990.3,137399.3,5905.2,23620.6,148011.1,216.5%,97.3%,92.8%
201127,2200.3,2200.3,139599.6,5089,5089,153100.1,43.2%,43.2%,91.2%
201128,2804.3,5004.6,142403.9,5089,10178,158189.1,55.1%,49.2%,90%
201129,5191.8,10196.4,147595.7,5089,15267,163278.1,102%,66.8%,90.4%
201130,9816.4,20012.8,157412.1,5089,20356,168367.1,192.9%,98.3%,93.5%
201131,1445.6,1445.6,158857.8,5149.8,5149.8,173516.9,28.1%,28.1%,91.6%
201132,2198.7,3644.3,161056.5,5149.8,10299.6,178666.6,42.7%,35.4%,90.1%
201133,1406.3,5050.6,162462.8,5149.8,15449.3,183816.4,27.3%,32.7%,88.4%
201134,4748.4,9799,167211.1,5149.8,20599.1,188966.2,92.2%,47.6%,88.5%
201135,12607.6,22406.6,179818.8,5149.8,25748.9,194116,244.8%,87%,92.6%
201136,646.3,646.3,180465.1,5371.2,5371.2,199487.2,12%,12%,90.5%
201137,2096.1,2742.4,182561.1,5371.2,10742.4,204858.3,39%,25.5%,89.1%
201138,4212.5,6954.9,186773.6,5371.2,16113.6,210229.5,78.4%,43.2%,88.8%
201139,13397.9,20352.7,200171.5,5371.2,21484.8,215600.7,249.4%,94.7%,92.8%
201140,1557.9,1557.9,201729.4,5495.7,5495.7,221096.5,28.3%,28.3%,91.2%
201141,2905.1,4462.9,204634.4,5495.7,10991.5,226592.2,52.9%,40.6%,90.3%
201142,3244.2,7707.1,207878.6,5495.7,16487.2,232087.9,59%,46.7%,89.6%
201143,9423.8,17130.9,217302.4,5499.4,21997.7,237743.8,171.4%,77.9%,91.4%
201144,2405.8,2405.8,219708.2,5245.8,5245.8,242989.6,45.9%,45.9%,90.4%
201145,3029,5434.8,222737.2,5245.8,10491.5,248235.3,57.7%,51.8%,89.7%
201146,4204.6,9639.4,226941.8,5245.8,15737.3,253481.1,80.2%,61.3%,89.5%
201147,3346.7,12986.1,230288.5,5245.8,20983,258726.9,63.8%,61.9%,89%
201148,12511.7,25497.8,242800.2,5245.8,26228.8,263972.6,238.5%,97.2%,92%
201149,300.4,300.4,243100.6,8091.2,8091.2,272063.9,3.7%,3.7%,89.4%
201150,5228.6,5529,248329.2,8091.2,16182.5,280155.1,64.6%,34.2%,88.6%
201151,3915.5,9444.4,252244.7,8091.2,24273.7,288246.3,48.4%,38.9%,87.5%
201152,18144.8,27589.2,270389.5,8160,32639.8,294000,222.4%,84.5%,92%
201201,980.1,980.1,980.1,3842.1,3842.1,3842.1,25.5%,25.5%,25.5%
201202,2535.3,3515.3,3515.3,3842.1,7684.2,7684.2,66%,45.7%,45.7%
201203,3700.8,7216.1,7216.1,3842.1,11526.4,11526.4,96.3%,62.6%,62.6%
201204,10668.2,17884.3,17884.3,3842.1,15368.5,15368.5,277.7%,116.4%,116.4%
201205,-115.6,-115.6,17768.7,4204.4,4204.4,19572.9,-2.7%,-2.7%,90.8%
201206,1856.8,1741.1,19625.4,4204.4,8408.9,23777.4,44.2%,20.7%,82.5%
201207,3911.9,5653.1,23537.4,4204.4,12613.3,27981.8,93%,44.8%,84.1%
201208,3833.1,9486.2,27370.5,4204.4,16817.8,32186.3,91.2%,56.4%,85%
201209,11936.1,21422.3,39306.6,4204.4,21022.2,36390.7,283.9%,101.9%,108%
201210,1219.6,1219.6,40526.3,6301.7,6301.7,42692.4,19.4%,19.4%,94.9%
201211,2153.5,3373.1,42679.8,6301.7,12603.4,48994.1,34.2%,26.8%,87.1%
201212,5315.2,8688.3,47994.9,6301.7,18905.1,55295.8,84.3%,46%,86.8%
201213,15872.2,24560.5,63867.1,6301.7,25206.8,61597.5,251.9%,97.4%,103.7%
201214,197.2,197.2,64064.3,6881.4,6881.4,68478.9,2.9%,2.9%,93.6%
201215,1999.7,2196.9,66064,6881.4,13762.7,75360.3,29.1%,16%,87.7%
201216,6971.9,9168.8,73036,6881.4,20644.1,82241.6,101.3%,44.4%,88.8%
201217,17829.8,26998.7,90865.8,6881.4,27525.5,89123,259.1%,98.1%,102%
201218,680.7,680.7,91546.6,7599.2,7599.2,96722.2,9%,9%,94.6%
201219,2123.5,2804.3,93670.1,7599.2,15198.4,104321.4,27.9%,18.5%,89.8%
201220,8217.5,11021.8,101887.6,7599.2,22797.6,111920.6,108.1%,48.3%,91%
201221,10677.5,21699.2,112565.1,7599.2,30396.8,119519.8,140.5%,71.4%,94.2%
201222,16206.2,37905.5,128771.3,7599.2,37996,127119,213.3%,99.8%,101.3%
201223,1000.2,1000.2,129771.5,5998.6,5998.6,133117.6,16.7%,16.7%,97.5%
201224,1552.2,2552.3,131323.6,5998.6,11997.1,139116.1,25.9%,21.3%,94.4%
201225,6751.8,9304.1,138075.4,5998.6,17995.7,145114.7,112.6%,51.7%,95.1%
201226,16806.1,26110.2,154881.5,5998.6,23994.3,151113.3,280.2%,108.8%,102.5%
201227,-232.7,-232.7,154648.8,5166.5,5166.5,156279.7,-4.5%,-4.5%,99%
201228,1217.1,984.4,155865.9,5166.5,10333,161446.2,23.6%,9.5%,96.5%
201229,7331.8,8316.3,163197.7,5166.5,15499.4,166612.7,141.9%,53.7%,98%
201230,11244.3,19560.6,174442,5166.5,20665.9,171779.2,217.6%,94.7%,101.6%
201231,1054.9,1054.9,175496.9,5151.4,5151.4,176930.6,20.5%,20.5%,99.2%
201232,908.6,1963.5,176405.5,5151.4,10302.9,182082,17.6%,19.1%,96.9%
201233,901.3,2864.8,177306.8,5151.4,15454.3,187233.5,17.5%,18.5%,94.7%
201234,6350.6,9215.4,183657.4,5151.4,20605.7,192384.9,123.3%,44.7%,95.5%
201235,12141.5,21356.8,195798.8,5151.4,25757.2,197536.4,235.7%,82.9%,99.1%
201236,1696.2,1696.2,197495.1,5391.1,5391.1,202927.4,31.5%,31.5%,97.3%
201237,5.4,1701.6,197500.4,5391.1,10782.2,208318.5,.1%,15.8%,94.8%
201238,6895,8596.6,204395.5,5391.1,16173.3,213709.6,127.9%,53.2%,95.6%
201239,14118.3,22714.9,218513.8,5391.1,21564.3,219100.7,261.9%,105.3%,99.7%
201240,648.5,648.5,219162.2,5316.2,5316.2,224416.8,12.2%,12.2%,97.7%
201241,1007.7,1656.2,220169.9,5316.2,10632.3,229733,19%,15.6%,95.8%
201242,4998.7,6654.9,225168.7,5316.2,15948.5,235049.2,94%,41.7%,95.8%
201243,15434.1,22088.9,240602.7,5316.2,21264.6,240365.3,290.3%,103.9%,100.1%
201244,-36.9,-36.9,240565.8,5391,5391,245756.3,-.7%,-.7%,97.9%
201245,1361.4,1324.5,241927.3,5391,10782,251147.3,25.3%,12.3%,96.3%
201246,4355.7,5680.2,246282.9,5391,16173,256538.3,80.8%,35.1%,96%
201247,5570.2,11250.4,251853.1,5391,21564,261929.3,103.3%,52.2%,96.2%
201248,15179.1,26429.5,267032.2,5391,26955,267320.3,281.6%,98.1%,99.9%
201249,209.4,209.4,267241.6,8386,8386,275706.3,2.5%,2.5%,96.9%
201250,918.6,1128,268160.2,8386,16772,284092.3,11%,6.7%,94.4%
201251,8288.5,9416.5,276448.7,8386,25158.1,292478.4,98.8%,37.4%,94.5%
201252,25824.6,35241.1,302273.3,8386,33544.1,300864.4,307.9%,105.1%,100.5%
201253,3531.5,38772.6,305804.8,0,33544.1,300864.4,0.0%,115.6%,101.6%
201301,2682.2,2682.2,2682.2,3880.5,3880.5,3880.5,69.1%,69.1%,69.1%
201302,-1415.9,1266.3,1266.3,3880.5,7760.9,7760.9,-36.5%,16.3%,16.3%
201303,3644.6,4910.9,4910.9,3880.5,11641.4,11641.4,93.9%,42.2%,42.2%
201304,9738.3,14649.2,14649.2,3880.5,15521.8,15521.8,251%,94.4%,94.4%
201305,1872.3,1872.3,16521.5,4439.1,4439.1,19960.9,42.2%,42.2%,82.8%
201306,-1999.4,-127.1,14522.1,4439.1,8878.1,24399.9,-45%,-1.4%,59.5%
201307,4686.2,4559.1,19208.3,4439.1,13317.2,28839,105.6%,34.2%,66.6%
201308,6657.4,11216.5,25865.7,4439.1,17756.2,33278,150%,63.2%,77.7%
201309,12963.9,24180.4,38829.6,4439.1,22195.3,37717.1,292%,108.9%,102.9%
201310,1328.9,1328.9,40158.5,6639.2,6639.2,44356.3,20%,20%,90.5%
201311,-2997.3,-1668.4,37161.2,6639.2,13278.4,50995.5,-45.1%,-12.6%,72.9%
201312,7096.3,5427.9,44257.5,6639.2,19917.6,57634.7,106.9%,27.3%,76.8%
201313,20655.7,26083.6,64913.2,6639.2,26556.8,64273.9,311.1%,98.2%,101%
201314,1081,1081,65994.2,7036.5,7036.5,71310.4,15.4%,15.4%,92.5%
201315,-4717,-3636,61277.2,7036.5,14072.9,78346.9,-67%,-25.8%,78.2%
201316,8183.7,4547.7,69461,7036.5,21109.4,85383.3,116.3%,21.5%,81.4%
201317,16533.3,21081.1,85994.3,7036.5,28145.9,92419.8,235%,74.9%,93%
201318,3487.6,3487.6,89481.9,7836.3,7836.3,100256.1,44.5%,44.5%,89.3%
201319,-3468.1,19.6,86013.8,7836.3,15672.6,108092.4,-44.3%,.1%,79.6%
201320,8529.4,8549,94543.2,7836.3,23508.9,115928.7,108.8%,36.4%,81.6%
201321,8839.3,17388.2,103382.5,7836.3,31345.1,123764.9,112.8%,55.5%,83.5%
201322,17130.6,34518.8,120513.1,7836.3,39181.4,131601.2,218.6%,88.1%,91.6%
201323,3134.1,3134.1,123647.2,6429.1,6429.1,138030.3,48.7%,48.7%,89.6%
201324,-3976.9,-842.8,119670.2,6429.1,12858.1,144459.3,-61.9%,-6.6%,82.8%
201325,11525.3,10682.5,131195.5,6429.1,19287.2,150888.4,179.3%,55.4%,86.9%
201326,11730.7,22413.1,142926.2,6429.1,25716.2,157317.4,182.5%,87.2%,90.9%
201327,1793.3,1793.3,144719.5,5309,5309,162626.5,33.8%,33.8%,89%
201328,1720.7,3514,146440.1,5309,10618.1,167935.5,32.4%,33.1%,87.2%
201329,6712.6,10226.6,153152.8,5309,15927.1,173244.6,126.4%,64.2%,88.4%
201330,12365,22591.5,165517.7,5309,21236.2,178553.6,232.9%,106.4%,92.7%
201331,2055.4,2055.4,167573.1,5201.4,5201.4,183755,39.5%,39.5%,91.2%
201332,-6899.4,-4844,160673.7,5201.4,10402.8,188956.4,-132.6%,-46.6%,85%
201333,5321.6,477.7,165995.4,5201.4,15604.2,194157.8,102.3%,3.1%,85.5%
201334,6317.1,6794.8,172312.5,5201.4,20805.7,199359.2,121.4%,32.7%,86.4%
201335,16674.1,23468.9,188986.6,5201.4,26007.1,204560.7,320.6%,90.2%,92.4%
201336,1673,1673,190659.5,5873.1,5873.1,210433.7,28.5%,28.5%,90.6%
201337,-3359.6,-1686.6,187300,5873.1,11746.2,216306.8,-57.2%,-14.4%,86.6%
201338,5986.7,4300.1,193286.7,5873.1,17619.2,222179.9,101.9%,24.4%,87%
201339,18678.2,22978.3,211964.9,5873.1,23492.3,228053,318%,97.8%,92.9%
201340,988.3,988.3,212953.2,5440.1,5440.1,233493.1,18.2%,18.2%,91.2%
201341,-3634.8,-2646.5,209318.4,5428.7,10868.8,238921.7,-67%,-24.3%,87.6%
201342,6856.4,4209.9,216174.8,5428.7,16297.4,244350.4,126.3%,25.8%,88.5%
201343,16490.3,20700.2,232665.1,5428.7,21726.1,249779,303.8%,95.3%,93.1%
201344,1303.3,1303.3,233968.4,5298.8,5298.8,255077.8,24.6%,24.6%,91.7%
201345,-1791.3,-488,232177.1,5298.8,10597.6,260376.6,-33.8%,-4.6%,89.2%
201346,5837,5349,238014.1,5298.8,15896.4,265675.4,110.2%,33.6%,89.6%
201347,7178.7,12527.7,245192.7,5298.8,21195.2,270974.2,135.5%,59.1%,90.5%
201348,15765.8,28293.4,260958.5,5298.8,26494,276273,297.5%,106.8%,94.5%
201349,2755.9,2755.9,263714.4,8188,8188,284461,33.7%,33.7%,92.7%
201350,-1191.9,1564,262522.5,8188,16376,292649,-14.6%,9.6%,89.7%
201351,12460.8,14024.7,274983.2,8188,24564,300837,152.2%,57.1%,91.4%
201352,28455.2,42480,303438.5,8188,32752,309025,347.5%,129.7%,98.2%
201401,1829.9,1829.9,1829.9,4277.3,4277.3,4277.3,42.8%,42.8%,42.8%
201402,-3777.3,-1947.4,-1947.4,4277.3,8554.7,8554.7,-88.3%,-22.8%,-22.8%
201403,5824.1,3876.7,3876.7,4277.3,12832,12832,136.2%,30.2%,30.2%
201404,11303.2,15179.9,15179.9,4277.3,17109.4,17109.4,264.3%,88.7%,88.7%
201405,2271.8,2271.8,17451.7,4690.7,4690.7,21800.1,48.4%,48.4%,80.1%
201406,-2409.3,-137.5,15042.4,4690.7,9381.4,26490.8,-51.4%,-1.5%,56.8%
201407,3813.8,3676.2,18856.2,4690.7,14072.1,31181.5,81.3%,26.1%,60.5%
201408,5455,9131.2,24311.1,4690.7,18762.8,35872.1,116.3%,48.7%,67.8%
201409,16988.4,26119.6,41299.6,4690.7,23453.4,40562.8,362.2%,111.4%,101.8%
201410,2019.6,2019.6,43319.2,6180.1,6180.1,46742.9,32.7%,32.7%,92.7%
201411,-1174,845.7,42145.2,6180.1,12360.2,52923.1,-19%,6.8%,79.6%
201412,7040,7885.6,49185.2,6180.1,18540.4,59103.2,113.9%,42.5%,83.2%
201413,20100.5,27986.2,69285.7,6180.1,24720.5,65283.3,325.2%,113.2%,106.1%
201414,1373.4,1373.4,70659.2,6339.8,6339.8,71623.1,21.7%,21.7%,98.7%
201415,-3369.3,-1995.9,67289.8,6339.8,12679.6,77962.9,-53.1%,-15.7%,86.3%
201416,8107.7,6111.8,75397.5,6339.8,19019.4,84302.7,127.9%,32.1%,89.4%
201417,18328.3,24440.1,93725.8,6339.8,25359.2,90642.5,289.1%,96.4%,103.4%
201418,2197.4,2197.4,95923.2,8053.4,8053.4,98695.9,27.3%,27.3%,97.2%
201419,1435.2,3632.5,97358.3,8053.4,16106.8,106749.2,17.8%,22.6%,91.2%
201420,7564.6,11197.1,104922.9,8053.4,24160.1,114802.6,93.9%,46.3%,91.4%
201421,13527,24724.1,118449.9,8053.4,32213.5,122856,168%,76.8%,96.4%
201422,16619.9,41344,135069.8,8053.4,40266.9,130909.4,206.4%,102.7%,103.2%
201423,1569.9,1569.9,136639.8,6736.6,6736.6,137646,23.3%,23.3%,99.3%
201424,-1443.3,126.6,135196.4,6736.6,13473.2,144382.6,-21.4%,.9%,93.6%
201425,13627.2,13753.8,148823.7,6736.6,20209.9,151119.2,202.3%,68.1%,98.5%
201426,15051.7,28805.6,163875.4,6736.6,26946.5,157855.9,223.4%,106.9%,103.8%
201427,1886.9,1886.9,165762.3,5535.4,5535.4,163391.2,34.1%,34.1%,101.5%
201428,-296,1590.8,165466.2,5535.4,11070.8,168926.6,-5.3%,14.4%,98%
201429,5444,7034.8,170910.2,5535.4,16606.1,174462,98.3%,42.4%,98%
201430,14295.3,21330.1,185205.5,5535.4,22141.5,179997.4,258.3%,96.3%,102.9%
201431,1890.9,1890.9,187096.4,4427.7,4427.7,184425.1,42.7%,42.7%,101.4%
201432,1846.4,3737.3,188942.8,4427.7,8855.4,188852.7,41.7%,42.2%,100%
201433,5882.1,9619.4,194824.9,4427.7,13283,193280.4,132.8%,72.4%,100.8%
201434,5178.5,14798,200003.4,4427.7,17710.7,197708.1,117%,83.6%,101.2%
201435,14861.8,29659.7,214865.2,4427.7,22138.4,202135.8,335.7%,134%,106.3%
201436,1848,1848,216713.2,5766.2,5766.2,207902,32%,32%,104.2%
201437,-1862.6,-14.7,214850.5,5766.2,11532.4,213668.2,-32.3%,-.1%,100.6%
201438,6420.2,6405.6,221270.8,5766.2,17298.6,219434.4,111.3%,37%,100.8%
201439,16955.8,23361.4,238226.6,5766.2,23064.8,225200.6,294.1%,101.3%,105.8%
201440,1736.1,1736.1,239962.7,5766.4,5766.4,230966.9,30.1%,30.1%,103.9%
201441,-189.5,1546.6,239773.2,5766.4,11532.7,236733.3,-3.3%,13.4%,101.3%
201442,5438.2,6984.9,245211.5,5766.4,17299.1,242499.7,94.3%,40.4%,101.1%
201443,15542.1,22527,260753.6,5766.4,23065.5,248266,269.5%,97.7%,105%
201444,1878.2,1878.2,262631.8,5536.5,5536.5,253802.6,33.9%,33.9%,103.5%
201445,-451.9,1426.3,262180,5536.5,11073.1,259339.1,-8.2%,12.9%,101.1%
201446,7020.7,8447,269200.7,5536.5,16609.6,264875.6,126.8%,50.9%,101.6%
201447,8457.7,16904.7,277658.3,5536.5,22146.1,270412.2,152.8%,76.3%,102.7%
201448,14786.6,31691.3,292444.9,5536.5,27682.7,275948.7,267.1%,114.5%,106%
201449,2629.4,2629.4,295074.3,9228.4,9228.4,285177.1,28.5%,28.5%,103.5%
201450,200,2829.4,295274.3,9228.4,18456.8,294405.5,2.2%,15.3%,100.3%
201451,11091.3,13920.8,306365.7,9228.4,27685.2,303633.9,120.2%,50.3%,100.9%
201452,30490.7,44411.5,336856.4,9228.4,36913.6,312862.2,330.4%,120.3%,107.7%
201501,1588.6,1588.6,1588.6,4473.1,4473.1,4473.1,35.5%,35.5%,35.5%
201502,-2216.6,-628,-628,4473.1,8946.2,8946.2,-49.6%,-7%,-7%
201503,5161,4533,4533,4473.1,13419.3,13419.3,115.4%,33.8%,33.8%
201504,10265.2,14798.2,14798.2,4473.1,17892.3,17892.3,229.5%,82.7%,82.7%
201505,2166.7,2166.7,16964.9,5367.7,5367.7,23260.1,40.4%,40.4%,72.9%
201506,91.7,2258.4,17056.6,5367.7,10735.4,28627.8,1.7%,21%,59.6%
201507,4210.7,6469.1,21267.4,5367.7,16103.1,33995.5,78.4%,40.2%,62.6%
201508,4606.6,11075.7,25874,5367.7,21470.8,39363.2,85.8%,51.6%,65.7%
201509,15465.9,26541.6,41339.9,5367.7,26838.5,44730.9,288.1%,98.9%,92.4%
201510,796,796,42135.8,7067.5,7067.5,51798.4,11.3%,11.3%,81.3%
201511,1492.3,2288.3,43628.2,7067.5,14135,58865.8,21.1%,16.2%,74.1%
201512,7634.2,9922.5,51262.4,7067.5,21202.4,65933.3,108%,46.8%,77.7%
201513,22550.6,32473.1,73812.9,7067.5,28269.9,73000.8,319.1%,114.9%,101.1%
201514,3577,3577,77390,7067.5,7067.5,80068.3,50.6%,50.6%,96.7%
201515,-1980,1597,75409.9,7067.5,14135,87135.7,-28%,11.3%,86.5%
201516,7623.9,9220.9,83033.9,7067.5,21202.4,94203.2,107.9%,43.5%,88.1%
201517,20957.6,30178.5,103991.5,7067.5,28269.9,101270.7,296.5%,106.8%,102.7%
201518,2310.3,2310.3,106301.8,9089.3,9089.3,110360,25.4%,25.4%,96.3%
201519,-344,1966.3,105957.8,9089.3,18178.6,119449.3,-3.8%,10.8%,88.7%
201520,8494.8,10461.1,114452.6,9089.3,27267.9,128538.6,93.5%,38.4%,89%
201521,11571.4,22032.5,126024,9089.3,36357.3,137628,127.3%,60.6%,91.6%
201522,22661.2,44693.7,148685.2,9089.3,45446.6,146717.3,249.3%,98.3%,101.3%
201523,899.4,899.4,149584.6,7604.2,7604.2,154321.5,11.8%,11.8%,96.9%
201524,-1017.4,-118,148567.2,7604.2,15208.5,161925.8,-13.4%,-.8%,91.8%
201525,12353.4,12235.5,160920.6,7604.2,22812.7,169530,162.5%,53.6%,94.9%
201526,19951.3,32186.8,180872,7604.2,30417,177134.3,262.4%,105.8%,102.1%
201527,384.8,384.8,181256.8,5815,5815,182949.3,6.6%,6.6%,99.1%
201528,-4929.2,-4544.4,176327.6,5815,11630,188764.3,-84.8%,-39.1%,93.4%
201529,6340.6,1796.3,182668.2,5815,17445,194579.3,109%,10.3%,93.9%
201530,15483.2,17279.4,198151.4,5815,23260.1,200394.3,266.3%,74.3%,98.9%
201531,2177.7,2177.7,200329.1,6226.5,6226.5,206620.9,35%,35%,97%
201532,-4284.7,-2107,196044.4,6226.5,12453.1,212847.4,-68.8%,-16.9%,92.1%
201533,5468.9,3361.9,201513.2,6226.5,18679.6,219073.9,87.8%,18%,92%
201534,9067.5,12429.4,210580.8,6226.5,24906.2,225300.5,145.6%,49.9%,93.5%
201535,16565.7,28995.1,227146.5,6226.5,31132.7,231527,266.1%,93.1%,98.1%
201536,3503.4,3503.4,230649.9,6709.6,6709.6,238236.6,52.2%,52.2%,96.8%
201537,-2343.7,1159.7,228306.2,6709.6,13419.3,244946.3,-34.9%,8.6%,93.2%
201538,7532.6,8692.2,235838.7,6709.6,20128.9,251655.9,112.3%,43.2%,93.7%
201539,19756.9,28449.1,255595.6,6709.6,26838.5,258365.5,294.5%,106%,98.9%
201540,1744.7,1744.7,257340.3,6083.4,6083.4,264448.9,28.7%,28.7%,97.3%
201541,-1050.4,694.3,256289.9,6083.4,12166.8,270532.3,-17.3%,5.7%,94.7%
201542,7737.6,8431.9,264027.5,6083.4,18250.2,276615.7,127.2%,46.2%,95.4%
201543,22938.1,31370,286965.6,6083.4,24333.6,282699.1,377.1%,128.9%,101.5%
201544,3899,3899,290864.6,6441.2,6441.2,289140.4,60.5%,60.5%,100.6%
201545,679,4578,291543.6,6441.2,12882.5,295581.6,10.5%,35.5%,98.6%
201546,12466.5,17044.5,304010.1,6441.2,19323.7,302022.9,193.5%,88.2%,100.7%
201547,13001.5,30046,317011.6,6441.2,25765,308464.1,201.8%,116.6%,102.8%
201548,21680.8,51726.8,338692.4,6441.2,32206.2,314905.3,336.6%,160.6%,107.6%
201549,8546,8546,347238.4,10735.4,10735.4,325640.8,79.6%,79.6%,106.6%
201550,2024.4,10570.4,349262.8,10735.4,21470.8,336376.2,18.9%,49.2%,103.8%
201551,24327.5,34897.9,373590.3,10735.4,32206.2,347111.6,226.6%,108.4%,107.6%
201552,13364.2,48262.1,386954.5,10735.4,42941.6,357847,124.5%,112.4%,108.1%
201601,12111.2,12111.2,12111.2,4254.1,4254.1,4254.1,284.7%,284.7%,284.7%
201602,4305.5,16416.8,16416.8,4254.1,8508.2,8508.2,101.2%,193%,193%
201603,11627.1,28043.8,28043.8,4254.1,12762.4,12762.4,273.3%,219.7%,219.7%
201604,-14267.8,13776,13776,4254.1,17016.5,17016.5,-335.4%,81%,81%
201605,9483.4,9483.4,23259.4,5238,5238,22254.5,181.1%,181.1%,104.5%
201606,-6501.3,2982.1,16758.1,5238,10476,27492.5,-124.1%,28.5%,61%
201607,8066.3,11048.4,24824.5,5238,15714.1,32730.5,154%,70.3%,75.8%
201608,6773,17821.4,31597.4,5238,20952.1,37968.6,129.3%,85.1%,83.2%
201609,9783.1,27604.4,41380.5,5238,26190.1,43206.6,186.8%,105.4%,95.8%
201610,13549.3,13549.3,54929.7,7434.9,7434.9,50641.5,182.2%,182.2%,108.5%
201611,-5257.6,8291.7,49672.2,7434.9,14869.8,58076.4,-70.7%,55.8%,85.5%
201612,8710.7,17002.4,58382.9,7434.9,22304.7,65511.2,117.2%,76.2%,89.1%
201613,20202.7,37205.1,78585.6,7434.9,29739.5,72946.1,271.7%,125.1%,107.7%
201614,5715.1,5715.1,84300.7,7674.1,7674.1,80620.3,74.5%,74.5%,104.6%
201615,1421.8,7136.9,85722.5,7674.1,15348.3,88294.4,18.5%,46.5%,97.1%
201616,13035.2,20172.1,98757.7,7674.1,23022.4,95968.5,169.9%,87.6%,102.9%
201617,14753.7,34925.8,113511.4,7674.1,30696.5,103642.7,192.3%,113.8%,109.5%
201618,5610.2,5610.2,119121.6,10701.4,10701.4,114344.1,52.4%,52.4%,104.2%
201619,2913.7,8523.9,122035.3,10701.4,21402.8,125045.5,27.2%,39.8%,97.6%
201620,12276.9,20800.8,134312.2,10701.4,32104.3,135746.9,114.7%,64.8%,98.9%
201621,16390.9,37191.7,150703.1,10701.4,42805.7,146448.4,153.2%,86.9%,102.9%
201622,25845.1,63036.8,176548.2,10701.4,53507.1,157149.8,241.5%,117.8%,112.3%
201623,1826.6,1826.6,178374.8,8658.6,8658.6,165808.4,21.1%,21.1%,107.6%
201624,-1982.6,-155.9,176392.3,8658.6,17317.3,174467.1,-22.9%,-.9%,101.1%
201625,11017.3,10861.4,187409.6,8658.6,25975.9,183125.7,127.2%,41.8%,102.3%
201626,44234.8,55096.2,231644.4,8658.6,34634.6,191784.4,510.9%,159.1%,120.8%
201627,337.4,337.4,231981.8,4598,4598,196382.3,7.3%,7.3%,118.1%
201628,-5581.1,-5243.7,226400.7,4598,9196,200980.3,-121.4%,-57%,112.6%
201629,8418.5,3174.8,234819.2,4598,13794,205578.3,183.1%,23%,114.2%
201630,18480.1,21655,253299.3,4598,18392,210176.3,401.9%,117.7%,120.5%
201631,2537.4,2537.4,255836.8,6888.8,6888.8,217065.2,36.8%,36.8%,117.9%
201632,-5461,-2923.6,250375.8,6888.8,13777.7,223954,-79.3%,-21.2%,111.8%
201633,9123.6,6200.1,259499.4,6888.8,20666.5,230842.9,132.4%,30%,112.4%
201634,6413.9,12613.9,265913.3,6888.8,27555.4,237731.7,93.1%,45.8%,111.9%
201635,25161.4,37775.3,291074.7,6888.8,34444.2,244620.6,365.3%,109.7%,119%
201636,3789.4,3789.4,294864,9214.4,9214.4,253834.9,41.1%,41.1%,116.2%
201637,-4434.3,-644.9,290429.8,9214.4,18428.7,263049.3,-48.1%,-3.5%,110.4%
201638,8456.8,7811.9,298886.6,9214.4,27643.1,272263.7,91.8%,28.3%,109.8%
201639,22258,30069.9,321144.5,9214.4,36857.5,281478,241.6%,81.6%,114.1%
201640,5257.4,5257.4,326401.9,10073.1,10073.1,291551.2,52.2%,52.2%,112%
201641,-6034.8,-777.3,320367.2,10073.1,20146.2,301624.3,-59.9%,-3.9%,106.2%
201642,2793.9,2016.5,323161,10073.1,30219.4,311697.4,27.7%,6.7%,103.7%
201643,28132,30148.5,351293,10073.1,40292.5,321770.5,279.3%,74.8%,109.2%
201644,2636.2,2636.2,353929.2,9207.9,9207.9,330978.5,28.6%,28.6%,106.9%
201645,24502.9,27139.1,378432.2,9207.9,18415.9,340186.4,266.1%,147.4%,111.2%
201646,6466.8,33606,384899,9207.9,27623.8,349394.4,70.2%,121.7%,110.2%
201647,6488.7,40094.6,391387.6,9207.9,36831.8,358602.3,70.5%,108.9%,109.1%
201648,19263.2,59357.9,410650.9,9207.9,46039.7,367810.3,209.2%,128.9%,111.6%
201649,2613.9,2613.9,413264.7,13813.6,13813.6,381623.9,18.9%,18.9%,108.3%
201650,-6647.1,-4033.3,406617.6,13813.6,27627.2,395437.5,-48.1%,-14.6%,102.8%
201651,9851.7,5818.5,416469.4,13813.6,41440.8,409251.1,71.3%,14%,101.8%
201652,36287,42105.5,452756.3,13813.6,55254.4,423064.7,262.7%,76.2%,107%
201702,-22951.8,-22951.8,-22951.8,4221,8442,8442,-543.8%,-271.9%,-271.9%
201703,5625.9,-17325.8,-17325.8,4221,12663,12663,133.3%,-136.8%,-136.8%
201704,18065.7,739.9,739.9,4221,16884,16884,428%,4.4%,4.4%
201705,3500,3500,4239.9,6585.2,6585.2,23469.2,53.1%,53.1%,18.1%
201706,-1652.4,1847.6,2587.5,6585.2,13170.3,30054.3,-25.1%,14%,8.6%
201707,6982.5,8830.1,9570,6585.2,19755.5,36639.5,106%,44.7%,26.1%
201708,5170.7,14000.8,14740.7,6585.2,26340.6,43224.6,78.5%,53.2%,34.1%
201709,20521.7,34522.6,35262.4,6585.2,32925.8,49809.8,311.6%,104.8%,70.8%
201710,2983.1,2983.1,38245.5,9459.9,9459.9,59269.6,31.5%,31.5%,64.5%
201711,-1993.6,989.5,36252,9459.9,18919.7,68729.5,-21.1%,5.2%,52.7%
201712,18.1,1007.7,36270.1,9459.9,28379.6,78189.4,.2%,3.6%,46.4%
201713,0,1007.7,36270.1,9459.9,37839.5,87649.3,0%,2.7%,41.4%
201714,0,0,47626,9661.4,9661.4,97310.6,0%,0%,48.9%
201715,0,0,47626,9661.4,19322.7,106972,0%,0%,44.5%
201716,0,0,47626,9661.4,28984.1,116633.3,0%,0%,40.8%
201717,0,0,47626,9661.4,38645.4,126294.7,0%,0%,37.7%
201718,0,0,47626,10525.5,10525.5,136820.2,0%,0%,34.8%
201719,0,0,47626,10525.5,21051,147345.7,0%,0%,32.3%
201720,0,0,47626,10525.5,31576.5,157871.2,0%,0%,30.2%
201721,-3360.9,-3360.9,44265.1,10525.5,42102,168396.7,-31.9%,-8%,26.3%
201722,0,-3360.9,44265.1,10525.5,52627.5,178922.2,0%,-6.4%,24.7%
201723,0,0,44265.1,8538.9,8538.9,187461,0%,0%,23.6%
201724,0,0,44265.1,8538.9,17077.7,195999.9,0%,0%,22.6%
201725,0,0,44265.1,8538.9,25616.6,204538.7,0%,0%,21.6%
201726,0,0,44265.1,8538.9,34155.4,213077.6,0%,0%,20.8%
201727,0,0,44265.1,6339.1,6339.1,219416.7,0%,0%,20.2%
201728,0,0,44265.1,6339.1,12678.3,225755.9,0%,0%,19.6%
201729,1292.2,1292.2,45557.3,6339.1,19017.4,232095,20.4%,6.8%,19.6%
201730,0,1292.2,45557.3,6339.1,25356.5,238434.1,0%,5.1%,19.1%
201731,0,0,45557.3,7241.4,7241.4,245675.5,0%,0%,18.5%
201732,0,0,45557.3,7241.4,14482.7,252916.9,0%,0%,18%
201733,0,0,45557.3,7241.4,21724.1,260158.2,0%,0%,17.5%
201734,47.9,47.9,45605.2,7241.4,28965.5,267399.6,.7%,.2%,17.1%
201735,0,47.9,45605.2,7241.4,36206.9,274641,0%,.1%,16.6%
201736,0,0,45605.2,8324.1,8324.1,282965.1,0%,0%,16.1%
201737,0,0,45605.2,8324.1,16648.2,291289.2,0%,0%,15.7%
201738,2247.9,2247.9,47853.1,8324.1,24972.4,299613.3,27%,9%,16%
201739,582.4,582.4,46187.6,8324.1,33296.5,307937.5,7%,1.7%,15%
